Url,Title,Description
http://www.kevinklang.de/,"Kevin Klang | Liedermacher
http://www.kevinklang.de",Die offizielle Website von Kevin Klang aus Konstanz | Zürich | Liedermacher | Singer/Songwriter | Konzerte | Musik | Videos | Fotos | Texte.
https://de-de.facebook.com/k1ang/,"Kevin Klang - Startseite | Facebook
https://de-de.facebook.com › ... › Musiker/in/Band","Kevin Klang, Konstanz. Gefällt 469 Mal. #Liedermacher #Troubadour #SingerSongwriter #DeutscheMusik."
https://m.facebook.com/k1ang/?ref=page_internal&mt_nav=0,"Kevin Klang - Home | Facebook
https://m.facebook.com › ... › Kevin Klang","Kevin Klang, Konstanz (Konstanz, Baden-Wurttemberg). 470 likes. #Liedermacher #Troubadour #SingerSongwriter #DeutscheMusik."
https://soundcloud.com/kevinklang,"Kevin Klang's stream - SoundCloud
https://soundcloud.com › kevinklang",Kevin Klang. Konstanz. 41 Followers · 74 Following. Play All Follow. german-handmade-homemade-acoustic-singer-songwriter-music ...
https://www.sofaconcerts.org/artists/KevinKlang,"Kevin Klang | SofaConcerts
https://www.sofaconcerts.org › artists › KevinKlang","Book Kevin Klang here directly for your event. ""Es gibt keine Grenzen"" - www.kevinklang.de.
Bewertung: 5 · 1 Ergebnis"
https://www.myownmusic.de/kevinklang,"Kevin Klang | MyOwnMusic
https://www.myownmusic.de › kevinklang","Kevin Klang. Beschreibung · Aktuelle News. Eigentlich Indie, da außerhalb des Mainstreams. Irgendwie Singer/Songwriter, da nur Gitarre und Gesang."
https://www.amazon.de/VOM-SUCHEN-FINDEN-KEVIN-KLANG/dp/B01JUKVJCI,"VOM SUCHEN UND FINDEN - KEVIN KLANG, KEVIN KLANG ...
https://www.amazon.de › VOM-SUCHEN-FINDEN-KE...","Amazon.de/musik: KEVIN KLANG, KEVIN KLANG – VOM SUCHEN UND FINDEN jetzt kaufen. Bewertung, VOM SUCHEN UND FINDEN."
https://www.amazon.de/Musik-CDs-Vinyl-Kevin-Klang/s?rh=n%3A255882%2Cp_32%3AKevin+Klang,"Suchergebnis auf Amazon.de für: Kevin Klang: Musik-CDs & Vinyl
https://www.amazon.de › Musik-CDs-Vinyl-Kevin-Klang","von Ines-Marie Jaeger, Cordula & Mario, Stefanie Säumenicht, Lausbuam, Kevin Klang,, Rebecca Hart, Laura Zuber, Lukas Martin, Caro Weiß, XXL-Steirer, Ueli ..."
https://www.backstagepro.de/kevin-klang,"Kevin Klang, Songwriter (Pop, Alternative/Independent) aus ...
https://www.backstagepro.de › ... › Göppingen",Kevin Klang ist mit seiner akustischen Musik geprägt von winterlicher Bodenseemelancholie und von sommerlichen Hochgefühlen - die poetischen deutschen ...
https://music.apple.com/us/artist/kevin-klang/1013013611,"Kevin Klang on Apple Music
https://music.apple.com › artist › kevin-klang","Listen to music by Kevin Klang on Apple Music. Find top songs and albums by Kevin Klang including Kaffee, Sonne und Musik, Traumreise and more."
https://www.youtube.com/channel/UCDazFpkBhPb3YnwXAxOVRlw,"Kevin Klang - YouTube
https://www.youtube.com › channel","Kevin Klang Singer-/Songwriter, Liedermacher. ... MGMT - Electric Feel (acoustic cover by Kevin Klang, with lyrics) MGMT Electric Feel. 513 views7 years ago ..."
https://www.lakesideopenair.de/2017/bands/kevin-klang,"Kevin Klang // Lakeside Open Air 2019
https://www.lakesideopenair.de › bands › kevin-klang","Die Musik von Kevin Klang ist geprägt von Vergangenheit und Zukunft – die poetischen deutschen Geschichten spiegeln mit Tiefgang bunte Erlebnisse, ..."
https://music.apple.com/de/artist/kevin-klang/1013013611,"Kevin Klang bei Apple Music
https://music.apple.com › artist › kevin-klang","Hör dir Musik von Kevin Klang auf Apple Music an. Finde Toptitel und -alben von Kevin Klang, unter anderem „Duft von Flieder“ und „Bilder von Dir“ und mehr."
https://twitter.com/kevin_klang,"Kevin Klang (@kevin_klang) | Twitter
https://twitter.com › kevin_klang",The latest Tweets from Kevin Klang (@kevin_klang). Born and alive.
https://atseacompilations.bandcamp.com/track/kevin-klang-weltensatt,"Kevin Klang: Weltensatt | At Sea Compilations
https://atseacompilations.bandcamp.com › track › kevin...","Gesellschaftskritische Texte, gepaart mit melancholischen Gitarrenspiel: Kevin Klang aus Konstanz spielt kleine Singer/Songwriter-Perlen, die man am liebsten ..."
https://www.freelancermap.de/freelancer-verzeichnis/profile/it/207683-profil-kevin-klang-softwareentwicklung-softwarearchitektur-virtual-reality-3d-modellierung-it-infrastruktur-aus.html,"Kevin Klang, Softwareentwicklung, Softwarearchitektur, Virtual ...
https://www.freelancermap.de › profile › 207683-profil...","Profil von Kevin Klang aus Frankfurt am Main, Softwareentwicklung, Softwarearchitektur, Virtual Reality, 3D Modellierung, IT-Infrastruktur, Das ..."
https://mx3.ch/kevinklang,"Kevin Klang - Mx3.ch
https://mx3.ch › kevinklang",Kevin Klang. Pop. Zürich. Read Biography. The music of Kevin Klang is characterized by wintry melancholy and summery exhilarations - the poetic German ...
https://de.linkedin.com/in/kevin-usnerus-418b8232/en-us,"Kevin Klang - IT Consultant - Lufthansa Industry Solutions ...
https://de.linkedin.com › en-us","Kevin Klang. English Profil. Lufthansa Industry SolutionsFachhochschule Frankfurt am Main. Frankfurt Am Main Area, Germany97 connections. Join to Connect."
https://www.instagram.com/klang.kevin/,"Kevin Klang (@klang.kevin) • Instagram photos and videos
https://www.instagram.com › klang","663 Followers, 1100 Following, 43 Posts - See Instagram photos and videos from ♛Kevin Klang♛ (@klang.kevin)"
https://www.lisaschwegler.de/fotografie/konkretes-eventfotografie/kevin-klang-giesserei-konstanz/,"EVENTFOTOGRAFIE: kevin klang in der giesserei konstanz ...
https://www.lisaschwegler.de › konkretes-eventfotografie",Über das Event: Fotografische Dokumentation des Konzertes von Kevin Klang in den Räumlichkeiten der Giesserei Konstanz.
https://open.spotify.com/artist/2oPRAeqHtjavmSXQEYk8yp,"Kevin Klang | Spotify - Spotify - Web Player
https://open.spotify.com › artist",Listen to Kevin Klang on Spotify. Artist · 455 monthly listeners. ... Listen to Kevin Klang in full in the Spotify app. Play on Spotify. Playing. Kevin Klang. Legal
https://www.badische-zeitung.de/kevin-klang-in-muellheim--138985168.html,"Kevin Klang in Müllheim - Müllheim - Badische Zeitung
https://www.badische-zeitung.de › kevin-klang-in-muellh...","07.07.2017 — KEVIN KLANG Am Sonntag, 9. Juli, 17 Uhr, ist Kevin Klang zu Gast in der PurPur Bar, Kraftgasse 5, in Müllheim. Seine Musik ist geprägt von ..."
https://www.swp.de/suedwesten/landkreise/lk-goeppingen/liedermacher-kevin-klang-in-heininger-studio-22741479.html,"Liedermacher Kevin Klang in Heininger Studio | Südwest ...
https://www.swp.de › Südwesten › Landkreise › Göppingen","04.05.2016 — Kevin Klang, aus Göppingen stammender Liedermacher, hat im Heininger Musekater-Studio drei neue Titel eingespielt."
https://filstalexpress.de/kultur/28477/,"Filstalexpress » Der Göppinger Liedermacher Kevin Klang ...
https://filstalexpress.de › kultur","26.04.2016 — Kevin Klang, aus Göppingen stammender Liedermacher, hat im Heininger Musekater-Studio drei neue Titel eingespielt. Kevin Klang ..."
https://www.setlist.fm/setlists/kevin-klang-1bf689b0.html,"Kevin Klang Concert Setlists | setlist.fm
https://www.setlist.fm › Artists › K","Get Kevin Klang setlists - view them, share them, discuss them with other Kevin Klang fans for free on setlist.fm!"
https://jwsoundgroup.net/index.php?/profile/2827-kevinsound/,"kevinsound - JWSOUNDGROUP
https://jwsoundgroup.net › 2827-k...","I have wired a Tram TR50 lav to a TA5F to be used on a Lectro LM Tx as follows. Black wire to pin 3, Red and shield to Pin 1. From the post above I understand ..."
http://www.chartsinfrance.net/Kevin-Klang/albums-singles.html,"Kevin Klang : tous les albums et les singles - Pure Charts
http://www.chartsinfrance.net › Artistes",Tous les albums et singles de Kevin Klang : écoute et téléchargement de tous les titres.
https://www.musixmatch.com/de/songtext/Kevin-Klang/Der-Abend-ist-noch-Jung,"Kevin Klang - Der Abend ist noch Jung Songtext | Musixmatch
https://www.musixmatch.com › songtext › Der-Abend-i...","SongtexteDer Abend ist noch Jung. Kevin Klang. Songtext nicht verfügbar. Sei der erste, der den Songtext hinzufügt und verdiene dir Punke. Songtext ..."
https://www.amazon.com/Aller-Anfang-Konvex-Kevin-Klang/dp/B0713X3XDS,"Aller Anfang ist konvex by Kevin Klang on Amazon Music ...
https://www.amazon.com › Aller-A...",Check out Aller Anfang ist konvex by Kevin Klang on Amazon Music. Stream ad-free or purchase CD's and MP3s now on Amazon.com.
https://stauferkrone.de/archiv-2017.html,"Archiv 2017 - Stauferkrone
https://stauferkrone.de › archiv-2017",Manager und Veranstalter. TEILNEHMER 2017. Interpret. Cordula & Mario. Lukas Martin. Kevin Klang. Lausbuam. Rebecca Hart. Ueli Bodenmann. Laura Zuber.
https://music.amazon.com.br/artists/B010GBREG0/kevin-klang,"Kevin Klang em Amazon Music Unlimited
https://music.amazon.com.br › artists › kevin-klang","Ouça as suas músicas favoritas de Kevin Klang. Tenha streaming sem anúncios com o Amazon Music Unlimited para smartphone, desktop e tablet. Baixe agora ..."
https://www.startnext.com/aljosha-konter/unterstuetzer,"Aljosha Konter ""Um mehr als zu hören"" - Startnext
https://www.startnext.com › aljosha-konter › unterstuetzer",Julia Mutter · Uwe Steinbrunner · Kevin Klang · Toni Hoffmann · Sebastian Martin · Stefanie Morawczik · Angelika Richnow. Anonyme Unterstützungen: 13 ...
https://www.bochumtotal.de/bandecke/detail-5774.html,"Kevin Klang - Bandecke
https://www.bochumtotal.de › bandecke › detail-5774","Mein Name ist Kevin Klang, und hiermit versuche ich bei euch mein gutes Glück! Seit zwei Jahren mache ich deutsche Liedermacher/ Singer-/Songwriter Musik ..."
https://komponistenverband.de/landesverbande/baden-wurttemberg/,"Baden-Württemberg – Deutscher Komponistenverband
https://komponistenverband.de › baden-wurttemberg","... Schreier, Anno www.annoschreier.de; Seiler, Peter www.peterseiler.de; Shekov, Ivan www.ivanshekov.de; Sieg, Kevin www.kevinklang.de; Süße, Prof."
https://www.iheart.com/artist/kevin-klang-30916445/songs/mach-die-augen-zu-35987027/,"Kevin Klang - Mach die Augen zu | iHeartRadio
https://www.iheart.com › mach-die-augen-zu-35987027","Kevin Klang. Mach die Augen zu. Stauferkrone 2015, 2m 46sec ... Chavis, Beausoleil, Cesária Évora and more. Chat About Mach die Augen zu by Kevin Klang ..."
https://www.die-regionauten.de/Referenzen/Kultur/Klimperquatschen/,"Klimperquatschen – die regionauten
https://www.die-regionauten.de › Referenzen › Kultur",Kevin Klang an der Gitarre. Foto: © Torben Nuding. Moderator Harald Kühl (v.l.) und Gastgeber Marcel Beck. Foto: © Claire Gordon. Zu Gast im Klimperkasten.
https://ukuland.com/songs/62409-creme-21-ich-mag-tiere.html,"Creme 21 - Ich Mag Tiere - ukulele chords and tabs - Songs
https://ukuland.com › songs › 62409-creme-21-ich-ma...","Creme 21 - Ich mag Tiere Tab by KevinKlang Melodie Hm DGF# Hm DGA Verse Hm DGF# Ach wie goldig, das Kaetzchen im Garten. Hm DGA Schoen, wenn ..."
https://www.pinterest.com/pin/425590233506715594/,"[Kra-ze] owners Kevin Klang (left) and Carl Brown with Niki ...
https://www.pinterest.com › pin","Mar 25, 2013 - [Kra-ze] owners Kevin Klang (left) and Carl Brown with Niki Kotantoulas of Mabel's on Main in Scottsdale with the Hello Moon: half a fresh peach, ..."
https://www.shpock.com/de-de/i/XLIhwxWfk03iIMD8/louis-vuittion-skaerp-dam,"Louis Vuittion Skärp (Dam) in 64145 Katrineholm für 200,00 ...
https://www.shpock.com › de-de","3.5.2019. Kevin Klang K. Ta med bältet på måndag. 3.5.2019. Tommy N. Aa , ta me rejj pengarna på Måndag om du ej ska skicka via swish. 3.5.2019. Wiko W."
https://www.welt-weihnachtsmarkt.de/kalenderueberblick-tag.html?day=20161211,"Kalenderüberblick - Welt-Weihnachtsmarkt
https://www.welt-weihnachtsmarkt.de › kalenderueberbl...","11.12.2016 — Kevin Klang. Ort: Rathaus-Bühne. Anspruchsvolle handgemachte Musik, die zum Zuhören und Nachdenken einlädt. Weiterlesen …"
